KU955593.1	12	33	ZikaPRV.FSS_1_LEFT	plus	TGTGTGAATCAGACTGCGACAG	22	22	1.49e-08	100.000	100
KU955593.1	1049	1028	ZikaPRV.FSS_1_RIGHT	minus	GACAACATCAACCCAAGTCCCA	22	22	1.49e-08	100.000	100
KU955593.1	901	922	ZikaPRV.FSS_2_LEFT	plus	CTTGGCTTTTGGGAAGCTCAAC	22	22	1.49e-08	100.000	100
KU955593.1	1895	1874	ZikaPRV.FSS_2_RIGHT	minus	GGAGTATGACACGCCCTTCAAT	22	22	1.49e-08	100.000	100
KU955593.1	1757	1778	ZikaPRV.FSS_3_LEFT	plus	TCAAGAAGGAGCAGTTCACACG	22	22	1.49e-08	100.000	100
KU955593.1	2754	2733	ZikaPRV.FSS_3_RIGHT	minus	CGACCGTCAGTTGAACTCCATT	22	22	1.49e-08	100.000	100
KU955593.1	2609	2630	ZikaPRV.FSS_4_LEFT	plus	TAGATTGGCAGCAGCAGTCAAG	22	22	1.49e-08	100.000	100
KU955593.1	3600	3579	ZikaPRV.FSS_4_RIGHT	minus	TGAGCAGAATCACAAGCACTCC	22	22	1.49e-08	100.000	100
KU955593.1	3487	3508	ZikaPRV.FSS_5_LEFT	plus	TGGAGATAAGGCCCAGGAAAGA	22	22	1.49e-08	100.000	100
KU955593.1	4469	4448	ZikaPRV.FSS_5_RIGHT	minus	ACCACTCTCATCTAGYGCCACA	22	22	9.41e-08	95.455	100
KU955593.1	4340	4361	ZikaPRV.FSS_6_LEFT	plus	TGTCAGTTACGTGGTCTCAGGA	22	22	1.49e-08	100.000	100
KU955593.1	5345	5324	ZikaPRV.FSS_6_RIGHT	minus	CATATAACGCACTGGAAGCCCT	22	22	1.49e-08	100.000	100
KU955593.1	5229	5250	ZikaPRV.FSS_7_LEFT	plus	CCTGAAATAGTCCGTGAAGCCA	22	22	1.49e-08	100.000	100
KU955593.1	6197	6176	ZikaPRV.FSS_7_RIGHT	minus	TTGCTCCGTCCTAAGCTTGAAC	22	22	1.49e-08	100.000	100
KU955593.1	6065	6084	ZikaPRV.FSS_8_LEFT	plus	TGCACACTGGCTTGAAGCAA	20	20	1.96e-07	100.000	100
KU955593.1	7076	7055	ZikaPRV.FSS_8_RIGHT	minus	GACGGCTGGGGTAATGAAAGTT	22	22	1.49e-08	100.000	100
KU955593.1	6920	6941	ZikaPRV.FSS_9_LEFT	plus	ACTCGGATGGTTGGAGAGAACA	22	22	1.49e-08	100.000	100
KU955593.1	7963	7942	ZikaPRV.FSS_9_RIGHT	minus	TCTTGAACTTTGCGGATGGTGG	22	22	1.49e-08	100.000	100
KU955593.1	7846	7867	ZikaPRV.FSS_10_LEFT	plus	CAAAGCTGAGATGGTTGGTGGA	22	22	1.49e-08	100.000	100
KU955593.1	8817	8796	ZikaPRV.FSS_10_RIGHT	minus	TCCACAACCAGGAAGAGACCAT	22	22	1.49e-08	100.000	100
KU955593.1	8676	8697	ZikaPRV.FSS_11_LEFT	plus	ACTGGAGTCACAGGAATAGCCA	22	22	1.49e-08	100.000	100
KU955593.1	9670	9649	ZikaPRV.FSS_11_RIGHT	minus	ACGCAATCATCTCCACTGACTG	22	22	1.49e-08	100.000	100
KU955593.1	9519	9540	ZikaPRV.FSS_12_LEFT	plus	GTGGTGCARCTCATTCGGAATA	22	22	9.41e-08	95.455	100
KU955593.1	10485	10462	ZikaPRV.FSS_12_RIGHT	minus	CTGACTATRGGCTTGGTTTCCCAG	24	24	7.50e-09	95.833	100
